{"cameraMode":{"drawMode":0,"name":"Shaded","section":"Shading Mode"},"sceneLighting":false,"audioPlay":false,"sceneViewState":{"m_AlwaysRefresh":false,"showFog":true,"showSkybox":false,"showFlares":true,"showImageEffects":true,"showParticleSystems":true,"showVisualEffectGraphs":true,"m_FxEnabled":true},"in2DMode":false,"pivot":{"x":0.27055051922798159,"y":2.525482416152954,"z":-0.6833251118659973},"rotation":{"x":-0.13236190378665925,"y":0.40803197026252749,"z":-0.059920914471149448,"w":-0.9013308882713318},"size":2.897845506668091,"orthographic":false}