{"cameraMode":{"drawMode":0,"name":"Shaded","section":"Shading Mode"},"sceneLighting":true,"audioPlay":false,"sceneViewState":{"m_AlwaysRefresh":false,"showFog":true,"showSkybox":true,"showFlares":true,"showImageEffects":true,"showParticleSystems":true,"showVisualEffectGraphs":true,"m_FxEnabled":true},"in2DMode":false,"pivot":{"x":-0.28438591957092287,"y":-15.606145858764649,"z":17.442907333374025},"rotation":{"x":-0.3956800103187561,"y":-0.0022067069076001646,"z":0.0009492682875134051,"w":-0.9183849692344666},"size":26.060321807861329,"orthographic":false}