{"cameraMode":{"drawMode":0,"name":"Shaded","section":"Shading Mode"},"sceneLighting":false,"audioPlay":false,"sceneViewState":{"m_AlwaysRefresh":false,"showFog":true,"showSkybox":false,"showFlares":true,"showImageEffects":true,"showParticleSystems":true,"showVisualEffectGraphs":true,"m_FxEnabled":true},"in2DMode":false,"pivot":{"x":-0.7861145734786987,"y":1.5032837390899659,"z":1.5415040254592896},"rotation":{"x":-0.08366679400205612,"y":0.2806576192378998,"z":-0.024567168205976487,"w":-0.9558421969413757},"size":2.897845506668091,"orthographic":false}