{"cameraMode":{"drawMode":0,"name":"Shaded","section":"Shading Mode"},"sceneLighting":false,"audioPlay":false,"sceneViewState":{"m_AlwaysRefresh":false,"showFog":true,"showSkybox":false,"showFlares":true,"showImageEffects":true,"showParticleSystems":true,"showVisualEffectGraphs":true,"m_FxEnabled":true},"in2DMode":false,"pivot":{"x":-2.4188268184661867,"y":1.7017858028411866,"z":0.015953276306390764},"rotation":{"x":-0.07620120048522949,"y":0.6223729848861694,"z":-0.06107049807906151,"w":-0.7766018509864807},"size":2.938854455947876,"orthographic":false}